BEGIN TRANSACTION;
CREATE TABLE IF NOT EXISTS "attrition" (
	"employee_id"	INTEGER,
	"attrition_status"	TEXT,
	"attrition_date"	TEXT
);
CREATE TABLE IF NOT EXISTS "departments" (
	"department_id"	INTEGER,
	"department_name"	TEXT
);
CREATE TABLE IF NOT EXISTS "employees" (
	"employee_id"	INTEGER,
	"name"	TEXT,
	"age"	INTEGER,
	"gender"	TEXT,
	"education_level"	TEXT,
	"salary"	INTEGER,
	"hire_date"	TEXT,
	"job_role_id"	INTEGER,
	"department_id"	INTEGER
);
CREATE TABLE IF NOT EXISTS "job_roles" (
	"job_role_id"	INTEGER,
	"job_title"	TEXT,
	"department_id"	INTEGER
);
CREATE TABLE IF NOT EXISTS "performance" (
	"employee_id"	INTEGER,
	"review_date"	TEXT,
	"performance_rating"	INTEGER
);
INSERT INTO "attrition" VALUES (1,'No',NULL);
INSERT INTO "attrition" VALUES (2,'No',NULL);
INSERT INTO "attrition" VALUES (3,'Yes','2018-08-06');
INSERT INTO "attrition" VALUES (4,'Yes','2023-01-30');
INSERT INTO "attrition" VALUES (5,'Yes','2020-06-23');
INSERT INTO "attrition" VALUES (6,'No',NULL);
INSERT INTO "attrition" VALUES (7,'No',NULL);
INSERT INTO "attrition" VALUES (8,'No',NULL);
INSERT INTO "attrition" VALUES (9,'No',NULL);
INSERT INTO "attrition" VALUES (10,'No',NULL);
INSERT INTO "attrition" VALUES (11,'No',NULL);
INSERT INTO "attrition" VALUES (12,'No',NULL);
INSERT INTO "attrition" VALUES (13,'Yes','2016-07-25');
INSERT INTO "attrition" VALUES (14,'No',NULL);
INSERT INTO "attrition" VALUES (15,'Yes','2023-02-08');
INSERT INTO "attrition" VALUES (16,'No',NULL);
INSERT INTO "attrition" VALUES (17,'Yes','2021-09-25');
INSERT INTO "attrition" VALUES (18,'No',NULL);
INSERT INTO "attrition" VALUES (19,'No',NULL);
INSERT INTO "attrition" VALUES (20,'Yes','2024-07-20');
INSERT INTO "attrition" VALUES (21,'No',NULL);
INSERT INTO "attrition" VALUES (22,'No',NULL);
INSERT INTO "attrition" VALUES (23,'No',NULL);
INSERT INTO "attrition" VALUES (24,'No',NULL);
INSERT INTO "attrition" VALUES (25,'Yes','2022-08-15');
INSERT INTO "attrition" VALUES (26,'No',NULL);
INSERT INTO "attrition" VALUES (27,'No',NULL);
INSERT INTO "attrition" VALUES (28,'No',NULL);
INSERT INTO "attrition" VALUES (29,'No',NULL);
INSERT INTO "attrition" VALUES (30,'Yes','2026-02-28');
INSERT INTO "attrition" VALUES (31,'Yes','2025-06-19');
INSERT INTO "attrition" VALUES (32,'No',NULL);
INSERT INTO "attrition" VALUES (33,'No',NULL);
INSERT INTO "attrition" VALUES (34,'No',NULL);
INSERT INTO "attrition" VALUES (35,'No',NULL);
INSERT INTO "attrition" VALUES (36,'Yes','2017-10-05');
INSERT INTO "attrition" VALUES (37,'No',NULL);
INSERT INTO "attrition" VALUES (38,'No',NULL);
INSERT INTO "attrition" VALUES (39,'Yes','2020-08-03');
INSERT INTO "attrition" VALUES (40,'No',NULL);
INSERT INTO "attrition" VALUES (41,'No',NULL);
INSERT INTO "attrition" VALUES (42,'No',NULL);
INSERT INTO "attrition" VALUES (43,'No',NULL);
INSERT INTO "attrition" VALUES (44,'No',NULL);
INSERT INTO "attrition" VALUES (45,'No',NULL);
INSERT INTO "attrition" VALUES (46,'No',NULL);
INSERT INTO "attrition" VALUES (47,'No',NULL);
INSERT INTO "attrition" VALUES (48,'No',NULL);
INSERT INTO "attrition" VALUES (49,'Yes','2022-09-10');
INSERT INTO "attrition" VALUES (50,'Yes','2020-08-19');
INSERT INTO "attrition" VALUES (51,'Yes','2022-08-19');
INSERT INTO "attrition" VALUES (52,'Yes','2020-11-18');
INSERT INTO "attrition" VALUES (53,'Yes','2021-09-30');
INSERT INTO "attrition" VALUES (54,'No',NULL);
INSERT INTO "attrition" VALUES (55,'No',NULL);
INSERT INTO "attrition" VALUES (56,'No',NULL);
INSERT INTO "attrition" VALUES (57,'No',NULL);
INSERT INTO "attrition" VALUES (58,'No',NULL);
INSERT INTO "attrition" VALUES (59,'No',NULL);
INSERT INTO "attrition" VALUES (60,'No',NULL);
INSERT INTO "attrition" VALUES (61,'No',NULL);
INSERT INTO "attrition" VALUES (62,'Yes','2023-02-25');
INSERT INTO "attrition" VALUES (63,'Yes','2020-10-01');
INSERT INTO "attrition" VALUES (64,'No',NULL);
INSERT INTO "attrition" VALUES (65,'No',NULL);
INSERT INTO "attrition" VALUES (66,'Yes','2017-03-02');
INSERT INTO "attrition" VALUES (67,'No',NULL);
INSERT INTO "attrition" VALUES (68,'No',NULL);
INSERT INTO "attrition" VALUES (69,'Yes','2023-10-31');
INSERT INTO "attrition" VALUES (70,'No',NULL);
INSERT INTO "attrition" VALUES (71,'Yes','2018-07-23');
INSERT INTO "attrition" VALUES (72,'No',NULL);
INSERT INTO "attrition" VALUES (73,'No',NULL);
INSERT INTO "attrition" VALUES (74,'No',NULL);
INSERT INTO "attrition" VALUES (75,'No',NULL);
INSERT INTO "attrition" VALUES (76,'No',NULL);
INSERT INTO "attrition" VALUES (77,'No',NULL);
INSERT INTO "attrition" VALUES (78,'Yes','2020-01-07');
INSERT INTO "attrition" VALUES (79,'No',NULL);
INSERT INTO "attrition" VALUES (80,'No',NULL);
INSERT INTO "attrition" VALUES (81,'No',NULL);
INSERT INTO "attrition" VALUES (82,'No',NULL);
INSERT INTO "attrition" VALUES (83,'No',NULL);
INSERT INTO "attrition" VALUES (84,'No',NULL);
INSERT INTO "attrition" VALUES (85,'No',NULL);
INSERT INTO "attrition" VALUES (86,'No',NULL);
INSERT INTO "attrition" VALUES (87,'No',NULL);
INSERT INTO "attrition" VALUES (88,'No',NULL);
INSERT INTO "attrition" VALUES (89,'No',NULL);
INSERT INTO "attrition" VALUES (90,'No',NULL);
INSERT INTO "attrition" VALUES (91,'No',NULL);
INSERT INTO "attrition" VALUES (92,'Yes','2022-06-12');
INSERT INTO "attrition" VALUES (93,'No',NULL);
INSERT INTO "attrition" VALUES (94,'No',NULL);
INSERT INTO "attrition" VALUES (95,'No',NULL);
INSERT INTO "attrition" VALUES (96,'No',NULL);
INSERT INTO "attrition" VALUES (97,'No',NULL);
INSERT INTO "attrition" VALUES (98,'No',NULL);
INSERT INTO "attrition" VALUES (99,'No',NULL);
INSERT INTO "attrition" VALUES (100,'No',NULL);
INSERT INTO "departments" VALUES (1,'HR');
INSERT INTO "departments" VALUES (2,'IT');
INSERT INTO "departments" VALUES (3,'Finance');
INSERT INTO "departments" VALUES (4,'Operations');
INSERT INTO "employees" VALUES (1,'Employee_1',50,'Male','PhD',164123,'2018-01-19',3,2);
INSERT INTO "employees" VALUES (2,'Employee_2',36,'Male','PhD',189661,'2020-02-10',7,4);
INSERT INTO "employees" VALUES (3,'Employee_3',29,'Male','Bachelors',83484,'2015-05-03',5,3);
INSERT INTO "employees" VALUES (4,'Employee_4',42,'Male','Bachelors',122989,'2018-12-18',3,2);
INSERT INTO "employees" VALUES (5,'Employee_5',40,'Female','Bachelors',76212,'2016-02-10',3,2);
INSERT INTO "employees" VALUES (6,'Employee_6',44,'Male','Bachelors',83525,'2015-11-04',2,1);
INSERT INTO "employees" VALUES (7,'Employee_7',32,'Male','Diploma',103208,'2017-05-24',7,4);
INSERT INTO "employees" VALUES (8,'Employee_8',32,'Male','Bachelors',73828,'2015-08-23',4,2);
INSERT INTO "employees" VALUES (9,'Employee_9',45,'Female','Bachelors',189783,'2015-08-29',1,1);
INSERT INTO "employees" VALUES (10,'Employee_10',57,'Male','Diploma',43420,'2017-03-07',2,1);
INSERT INTO "employees" VALUES (11,'Employee_11',45,'Male','Bachelors',136752,'2021-11-09',2,1);
INSERT INTO "employees" VALUES (12,'Employee_12',24,'Female','Masters',171373,'2016-03-24',4,2);
INSERT INTO "employees" VALUES (13,'Employee_13',43,'Male','Bachelors',155294,'2015-02-13',1,1);
INSERT INTO "employees" VALUES (14,'Employee_14',23,'Male','Diploma',164019,'2020-05-05',5,3);
INSERT INTO "employees" VALUES (15,'Employee_15',45,'Male','Bachelors',105726,'2020-08-25',6,3);
INSERT INTO "employees" VALUES (16,'Employee_16',51,'Male','PhD',181564,'2017-06-04',7,4);
INSERT INTO "employees" VALUES (17,'Employee_17',59,'Male','Bachelors',155668,'2018-04-03',6,3);
INSERT INTO "employees" VALUES (18,'Employee_18',23,'Female','Bachelors',46102,'2019-07-20',5,3);
INSERT INTO "employees" VALUES (19,'Employee_19',42,'Female','Masters',158015,'2015-05-03',8,4);
INSERT INTO "employees" VALUES (20,'Employee_20',54,'Female','Bachelors',66641,'2021-08-23',2,1);
INSERT INTO "employees" VALUES (21,'Employee_21',33,'Male','Masters',194165,'2021-03-17',1,1);
INSERT INTO "employees" VALUES (22,'Employee_22',43,'Male','Bachelors',143746,'2016-10-29',2,1);
INSERT INTO "employees" VALUES (23,'Employee_23',46,'Male','Bachelors',76631,'2015-02-09',3,2);
INSERT INTO "employees" VALUES (24,'Employee_24',48,'Female','Bachelors',112991,'2021-07-14',2,1);
INSERT INTO "employees" VALUES (25,'Employee_25',49,'Male','Bachelors',44014,'2018-07-05',2,1);
INSERT INTO "employees" VALUES (26,'Employee_26',37,'Male','Diploma',51093,'2018-10-11',5,3);
INSERT INTO "employees" VALUES (27,'Employee_27',36,'Female','Masters',58070,'2019-10-15',5,3);
INSERT INTO "employees" VALUES (28,'Employee_28',24,'Male','Bachelors',75777,'2019-04-24',5,3);
INSERT INTO "employees" VALUES (29,'Employee_29',58,'Female','Diploma',96958,'2021-08-10',6,3);
INSERT INTO "employees" VALUES (30,'Employee_30',28,'Female','Diploma',122074,'2021-08-11',3,2);
INSERT INTO "employees" VALUES (31,'Employee_31',42,'Female','Bachelors',50729,'2021-01-26',8,4);
INSERT INTO "employees" VALUES (32,'Employee_32',30,'Male','Bachelors',198823,'2019-06-16',8,4);
INSERT INTO "employees" VALUES (33,'Employee_33',39,'Male','Diploma',145864,'2020-08-10',5,3);
INSERT INTO "employees" VALUES (34,'Employee_34',25,'Male','Bachelors',170858,'2019-09-28',1,1);
INSERT INTO "employees" VALUES (35,'Employee_35',46,'Male','Bachelors',145510,'2019-01-06',6,3);
INSERT INTO "employees" VALUES (36,'Employee_36',35,'Male','Bachelors',94748,'2015-11-25',4,2);
INSERT INTO "employees" VALUES (37,'Employee_37',30,'Male','Diploma',45801,'2020-09-05',1,1);
INSERT INTO "employees" VALUES (38,'Employee_38',47,'Male','Bachelors',190262,'2020-09-29',7,4);
INSERT INTO "employees" VALUES (39,'Employee_39',23,'Female','Bachelors',69592,'2019-05-20',7,4);
INSERT INTO "employees" VALUES (40,'Employee_40',41,'Male','Masters',50647,'2020-09-28',1,1);
INSERT INTO "employees" VALUES (41,'Employee_41',49,'Female','Diploma',179788,'2019-07-24',5,3);
INSERT INTO "employees" VALUES (42,'Employee_42',28,'Male','Bachelors',150627,'2016-06-12',4,2);
INSERT INTO "employees" VALUES (43,'Employee_43',29,'Male','Diploma',110316,'2016-12-01',4,2);
INSERT INTO "employees" VALUES (44,'Employee_44',56,'Male','Masters',42368,'2016-07-02',6,3);
INSERT INTO "employees" VALUES (45,'Employee_45',35,'Female','Masters',117575,'2017-08-22',4,2);
INSERT INTO "employees" VALUES (46,'Employee_46',38,'Female','Bachelors',46655,'2015-04-10',7,4);
INSERT INTO "employees" VALUES (47,'Employee_47',57,'Female','Bachelors',110031,'2019-04-30',3,2);
INSERT INTO "employees" VALUES (48,'Employee_48',25,'Female','Masters',127922,'2017-05-10',5,3);
INSERT INTO "employees" VALUES (49,'Employee_49',23,'Male','Bachelors',164046,'2019-08-04',4,2);
INSERT INTO "employees" VALUES (50,'Employee_50',27,'Female','Bachelors',184475,'2017-09-12',6,3);
INSERT INTO "employees" VALUES (51,'Employee_51',25,'Male','Bachelors',72097,'2019-10-09',7,4);
INSERT INTO "employees" VALUES (52,'Employee_52',50,'Male','Diploma',182038,'2017-05-20',3,2);
INSERT INTO "employees" VALUES (53,'Employee_53',39,'Female','Masters',164862,'2016-10-28',2,1);
INSERT INTO "employees" VALUES (54,'Employee_54',47,'Female','Masters',158834,'2018-06-22',2,1);
INSERT INTO "employees" VALUES (55,'Employee_55',55,'Female','Bachelors',133848,'2019-11-07',3,2);
INSERT INTO "employees" VALUES (56,'Employee_56',31,'Female','Bachelors',92921,'2017-06-09',7,4);
INSERT INTO "employees" VALUES (57,'Employee_57',57,'Female','Bachelors',166141,'2021-07-23',6,3);
INSERT INTO "employees" VALUES (58,'Employee_58',35,'Female','Masters',62677,'2015-04-11',3,2);
INSERT INTO "employees" VALUES (59,'Employee_59',52,'Female','Masters',95609,'2017-12-04',5,3);
INSERT INTO "employees" VALUES (60,'Employee_60',36,'Female','Masters',71024,'2021-10-10',5,3);
INSERT INTO "employees" VALUES (61,'Employee_61',29,'Male','Masters',110313,'2018-11-02',2,1);
INSERT INTO "employees" VALUES (62,'Employee_62',35,'Female','Bachelors',167813,'2017-12-18',4,2);
INSERT INTO "employees" VALUES (63,'Employee_63',44,'Female','Diploma',135285,'2018-12-24',6,3);
INSERT INTO "employees" VALUES (64,'Employee_64',42,'Male','Diploma',186410,'2019-01-12',2,1);
INSERT INTO "employees" VALUES (65,'Employee_65',37,'Female','Masters',153632,'2020-02-14',4,2);
INSERT INTO "employees" VALUES (66,'Employee_66',39,'Male','Bachelors',190580,'2015-11-23',4,2);
INSERT INTO "employees" VALUES (67,'Employee_67',45,'Male','Diploma',43051,'2016-10-01',8,4);
INSERT INTO "employees" VALUES (68,'Employee_68',47,'Female','Diploma',154692,'2019-01-24',5,3);
INSERT INTO "employees" VALUES (69,'Employee_69',46,'Male','Bachelors',127235,'2021-01-26',7,4);
INSERT INTO "employees" VALUES (70,'Employee_70',50,'Male','Diploma',113523,'2018-12-07',1,1);
INSERT INTO "employees" VALUES (71,'Employee_71',36,'Male','Diploma',134476,'2016-09-02',7,4);
INSERT INTO "employees" VALUES (72,'Employee_72',22,'Male','Bachelors',57019,'2019-10-05',1,1);
INSERT INTO "employees" VALUES (73,'Employee_73',46,'Female','Bachelors',123613,'2020-03-06',3,2);
INSERT INTO "employees" VALUES (74,'Employee_74',28,'Male','Bachelors',126672,'2016-09-01',5,3);
INSERT INTO "employees" VALUES (75,'Employee_75',30,'Female','Bachelors',113847,'2017-08-23',4,2);
INSERT INTO "employees" VALUES (76,'Employee_76',45,'Male','Masters',122750,'2018-09-28',6,3);
INSERT INTO "employees" VALUES (77,'Employee_77',22,'Male','Bachelors',68251,'2018-06-23',1,1);
INSERT INTO "employees" VALUES (78,'Employee_78',29,'Male','Bachelors',143481,'2017-09-23',7,4);
INSERT INTO "employees" VALUES (79,'Employee_79',45,'Male','Masters',152566,'2017-01-31',4,2);
INSERT INTO "employees" VALUES (80,'Employee_80',32,'Female','Bachelors',65945,'2015-09-13',1,1);
INSERT INTO "employees" VALUES (81,'Employee_81',38,'Female','Masters',130852,'2015-05-17',1,1);
INSERT INTO "employees" VALUES (82,'Employee_82',29,'Male','Bachelors',72217,'2021-09-16',8,4);
INSERT INTO "employees" VALUES (83,'Employee_83',56,'Male','Bachelors',48308,'2020-12-06',1,1);
INSERT INTO "employees" VALUES (84,'Employee_84',56,'Female','Diploma',45949,'2017-06-26',6,3);
INSERT INTO "employees" VALUES (85,'Employee_85',54,'Male','Bachelors',172222,'2021-09-12',5,3);
INSERT INTO "employees" VALUES (86,'Employee_86',26,'Male','Bachelors',140235,'2019-09-27',6,3);
INSERT INTO "employees" VALUES (87,'Employee_87',49,'Male','Bachelors',114740,'2018-05-18',2,1);
INSERT INTO "employees" VALUES (88,'Employee_88',28,'Female','PhD',156352,'2018-06-14',4,2);
INSERT INTO "employees" VALUES (89,'Employee_89',30,'Female','Bachelors',106617,'2015-08-01',5,3);
INSERT INTO "employees" VALUES (90,'Employee_90',29,'Female','Masters',56896,'2015-08-23',8,4);
INSERT INTO "employees" VALUES (91,'Employee_91',33,'Male','Bachelors',170798,'2019-03-21',5,3);
INSERT INTO "employees" VALUES (92,'Employee_92',55,'Male','Masters',178877,'2018-11-16',5,3);
INSERT INTO "employees" VALUES (93,'Employee_93',54,'Female','Bachelors',45237,'2016-06-27',7,4);
INSERT INTO "employees" VALUES (94,'Employee_94',44,'Female','Bachelors',60056,'2021-08-16',5,3);
INSERT INTO "employees" VALUES (95,'Employee_95',45,'Female','Bachelors',154548,'2020-06-20',8,4);
INSERT INTO "employees" VALUES (96,'Employee_96',58,'Female','Diploma',151488,'2015-10-18',6,3);
INSERT INTO "employees" VALUES (97,'Employee_97',56,'Male','Masters',174415,'2021-07-08',5,3);
INSERT INTO "employees" VALUES (98,'Employee_98',43,'Female','Bachelors',184572,'2021-10-27',3,2);
INSERT INTO "employees" VALUES (99,'Employee_99',48,'Male','Diploma',69375,'2021-12-21',4,2);
INSERT INTO "employees" VALUES (100,'Employee_100',56,'Female','Bachelors',180734,'2015-05-23',5,3);
INSERT INTO "job_roles" VALUES (1,'HR Specialist',1);
INSERT INTO "job_roles" VALUES (2,'Relationship Manager',1);
INSERT INTO "job_roles" VALUES (3,'Data Analyst',2);
INSERT INTO "job_roles" VALUES (4,'Software Engineer',2);
INSERT INTO "job_roles" VALUES (5,'Accountant',3);
INSERT INTO "job_roles" VALUES (6,'Financial Analyst',3);
INSERT INTO "job_roles" VALUES (7,'Ops Manager',4);
INSERT INTO "job_roles" VALUES (8,'Clerk',4);
INSERT INTO "performance" VALUES (1,'2020-07-02',4);
INSERT INTO "performance" VALUES (1,'2022-02-23',3);
INSERT INTO "performance" VALUES (2,'2021-06-29',4);
INSERT INTO "performance" VALUES (3,'2020-07-23',3);
INSERT INTO "performance" VALUES (3,'2020-02-12',3);
INSERT INTO "performance" VALUES (4,'2020-04-20',2);
INSERT INTO "performance" VALUES (4,'2020-07-01',3);
INSERT INTO "performance" VALUES (4,'2022-08-28',2);
INSERT INTO "performance" VALUES (5,'2020-07-13',4);
INSERT INTO "performance" VALUES (6,'2020-04-02',5);
INSERT INTO "performance" VALUES (6,'2020-03-01',2);
INSERT INTO "performance" VALUES (6,'2021-02-06',4);
INSERT INTO "performance" VALUES (7,'2021-08-26',3);
INSERT INTO "performance" VALUES (7,'2021-06-17',2);
INSERT INTO "performance" VALUES (8,'2021-10-06',3);
INSERT INTO "performance" VALUES (9,'2020-02-15',3);
INSERT INTO "performance" VALUES (9,'2020-03-18',3);
INSERT INTO "performance" VALUES (10,'2020-03-13',2);
INSERT INTO "performance" VALUES (10,'2020-02-16',4);
INSERT INTO "performance" VALUES (10,'2020-08-26',3);
INSERT INTO "performance" VALUES (11,'2022-04-10',3);
INSERT INTO "performance" VALUES (11,'2020-12-02',3);
INSERT INTO "performance" VALUES (11,'2020-09-13',2);
INSERT INTO "performance" VALUES (12,'2020-09-09',5);
INSERT INTO "performance" VALUES (12,'2020-10-29',3);
INSERT INTO "performance" VALUES (12,'2021-12-26',3);
INSERT INTO "performance" VALUES (13,'2020-03-18',3);
INSERT INTO "performance" VALUES (13,'2020-12-30',2);
INSERT INTO "performance" VALUES (13,'2021-11-29',3);
INSERT INTO "performance" VALUES (14,'2020-01-03',4);
INSERT INTO "performance" VALUES (14,'2022-01-19',4);
INSERT INTO "performance" VALUES (14,'2021-05-22',2);
INSERT INTO "performance" VALUES (15,'2022-03-16',3);
INSERT INTO "performance" VALUES (15,'2020-01-15',2);
INSERT INTO "performance" VALUES (16,'2021-04-29',2);
INSERT INTO "performance" VALUES (16,'2020-02-08',3);
INSERT INTO "performance" VALUES (16,'2020-08-18',2);
INSERT INTO "performance" VALUES (17,'2022-03-22',3);
INSERT INTO "performance" VALUES (17,'2021-06-08',3);
INSERT INTO "performance" VALUES (18,'2020-03-07',4);
INSERT INTO "performance" VALUES (18,'2020-05-25',2);
INSERT INTO "performance" VALUES (19,'2021-04-14',3);
INSERT INTO "performance" VALUES (19,'2022-02-14',3);
INSERT INTO "performance" VALUES (19,'2022-01-17',2);
INSERT INTO "performance" VALUES (20,'2021-09-04',3);
INSERT INTO "performance" VALUES (21,'2020-11-15',3);
INSERT INTO "performance" VALUES (21,'2022-08-09',3);
INSERT INTO "performance" VALUES (22,'2022-01-10',5);
INSERT INTO "performance" VALUES (22,'2021-03-12',2);
INSERT INTO "performance" VALUES (23,'2021-08-04',3);
INSERT INTO "performance" VALUES (23,'2021-05-30',4);
INSERT INTO "performance" VALUES (24,'2022-04-09',4);
INSERT INTO "performance" VALUES (24,'2021-10-25',4);
INSERT INTO "performance" VALUES (25,'2022-06-17',3);
INSERT INTO "performance" VALUES (25,'2020-02-09',4);
INSERT INTO "performance" VALUES (25,'2022-07-08',2);
INSERT INTO "performance" VALUES (26,'2021-04-12',5);
INSERT INTO "performance" VALUES (26,'2020-01-04',1);
INSERT INTO "performance" VALUES (27,'2022-05-30',3);
INSERT INTO "performance" VALUES (27,'2022-09-24',4);
INSERT INTO "performance" VALUES (28,'2020-07-12',3);
INSERT INTO "performance" VALUES (29,'2021-03-10',4);
INSERT INTO "performance" VALUES (29,'2021-10-06',2);
INSERT INTO "performance" VALUES (30,'2022-04-15',3);
INSERT INTO "performance" VALUES (30,'2020-08-12',4);
INSERT INTO "performance" VALUES (31,'2020-01-01',4);
INSERT INTO "performance" VALUES (31,'2020-11-15',2);
INSERT INTO "performance" VALUES (31,'2022-06-12',2);
INSERT INTO "performance" VALUES (32,'2020-09-15',2);
INSERT INTO "performance" VALUES (33,'2020-01-10',3);
INSERT INTO "performance" VALUES (33,'2021-10-11',5);
INSERT INTO "performance" VALUES (34,'2020-06-16',4);
INSERT INTO "performance" VALUES (35,'2020-11-14',4);
INSERT INTO "performance" VALUES (36,'2022-02-15',3);
INSERT INTO "performance" VALUES (37,'2021-02-22',3);
INSERT INTO "performance" VALUES (37,'2022-03-27',4);
INSERT INTO "performance" VALUES (38,'2020-11-29',5);
INSERT INTO "performance" VALUES (38,'2021-04-03',5);
INSERT INTO "performance" VALUES (39,'2021-06-30',5);
INSERT INTO "performance" VALUES (39,'2020-11-15',3);
INSERT INTO "performance" VALUES (39,'2022-04-11',4);
INSERT INTO "performance" VALUES (40,'2022-05-22',4);
INSERT INTO "performance" VALUES (40,'2022-04-07',2);
INSERT INTO "performance" VALUES (40,'2021-12-25',2);
INSERT INTO "performance" VALUES (41,'2021-01-13',4);
INSERT INTO "performance" VALUES (41,'2021-07-27',3);
INSERT INTO "performance" VALUES (41,'2022-01-18',3);
INSERT INTO "performance" VALUES (42,'2020-10-22',3);
INSERT INTO "performance" VALUES (42,'2021-09-07',3);
INSERT INTO "performance" VALUES (43,'2021-09-28',3);
INSERT INTO "performance" VALUES (43,'2020-01-23',3);
INSERT INTO "performance" VALUES (43,'2022-09-19',3);
INSERT INTO "performance" VALUES (44,'2021-05-17',3);
INSERT INTO "performance" VALUES (45,'2021-09-07',3);
INSERT INTO "performance" VALUES (46,'2022-08-04',3);
INSERT INTO "performance" VALUES (46,'2021-08-01',4);
INSERT INTO "performance" VALUES (46,'2022-08-25',4);
INSERT INTO "performance" VALUES (47,'2021-09-14',4);
INSERT INTO "performance" VALUES (47,'2021-04-22',4);
INSERT INTO "performance" VALUES (47,'2021-02-23',5);
INSERT INTO "performance" VALUES (48,'2020-04-06',4);
INSERT INTO "performance" VALUES (49,'2022-08-08',2);
INSERT INTO "performance" VALUES (49,'2020-07-14',3);
INSERT INTO "performance" VALUES (49,'2021-06-05',3);
INSERT INTO "performance" VALUES (50,'2022-05-14',2);
INSERT INTO "performance" VALUES (50,'2022-06-27',2);
INSERT INTO "performance" VALUES (51,'2020-08-03',4);
INSERT INTO "performance" VALUES (52,'2020-06-05',3);
INSERT INTO "performance" VALUES (52,'2020-06-05',3);
INSERT INTO "performance" VALUES (52,'2022-04-23',4);
INSERT INTO "performance" VALUES (53,'2020-04-04',3);
INSERT INTO "performance" VALUES (53,'2022-07-20',3);
INSERT INTO "performance" VALUES (53,'2022-03-21',3);
INSERT INTO "performance" VALUES (54,'2020-09-10',5);
INSERT INTO "performance" VALUES (54,'2021-07-03',3);
INSERT INTO "performance" VALUES (54,'2020-01-23',3);
INSERT INTO "performance" VALUES (55,'2020-12-28',2);
INSERT INTO "performance" VALUES (55,'2020-05-20',2);
INSERT INTO "performance" VALUES (56,'2022-09-11',3);
INSERT INTO "performance" VALUES (56,'2021-09-07',4);
INSERT INTO "performance" VALUES (57,'2022-06-06',1);
INSERT INTO "performance" VALUES (58,'2020-04-15',4);
INSERT INTO "performance" VALUES (58,'2022-03-09',4);
INSERT INTO "performance" VALUES (58,'2020-02-20',4);
INSERT INTO "performance" VALUES (59,'2021-12-26',5);
INSERT INTO "performance" VALUES (60,'2022-03-24',3);
INSERT INTO "performance" VALUES (61,'2021-09-13',2);
INSERT INTO "performance" VALUES (61,'2022-09-09',5);
INSERT INTO "performance" VALUES (62,'2022-08-07',3);
INSERT INTO "performance" VALUES (62,'2022-07-24',4);
INSERT INTO "performance" VALUES (62,'2021-03-06',2);
INSERT INTO "performance" VALUES (63,'2020-07-20',4);
INSERT INTO "performance" VALUES (64,'2021-10-27',3);
INSERT INTO "performance" VALUES (65,'2020-08-31',3);
INSERT INTO "performance" VALUES (65,'2020-03-15',5);
INSERT INTO "performance" VALUES (65,'2022-06-21',3);
INSERT INTO "performance" VALUES (66,'2020-12-12',3);
INSERT INTO "performance" VALUES (66,'2022-07-27',1);
INSERT INTO "performance" VALUES (67,'2020-06-27',3);
INSERT INTO "performance" VALUES (67,'2020-01-25',3);
INSERT INTO "performance" VALUES (67,'2021-12-10',1);
INSERT INTO "performance" VALUES (68,'2020-06-25',4);
INSERT INTO "performance" VALUES (69,'2021-10-23',3);
INSERT INTO "performance" VALUES (69,'2022-05-31',4);
INSERT INTO "performance" VALUES (69,'2022-08-24',5);
INSERT INTO "performance" VALUES (70,'2021-11-19',3);
INSERT INTO "performance" VALUES (71,'2021-04-20',3);
INSERT INTO "performance" VALUES (71,'2020-12-25',3);
INSERT INTO "performance" VALUES (72,'2022-01-05',2);
INSERT INTO "performance" VALUES (73,'2021-03-10',3);
INSERT INTO "performance" VALUES (73,'2021-12-23',3);
INSERT INTO "performance" VALUES (73,'2021-10-31',2);
INSERT INTO "performance" VALUES (74,'2021-04-21',3);
INSERT INTO "performance" VALUES (75,'2020-01-18',3);
INSERT INTO "performance" VALUES (75,'2021-01-05',3);
INSERT INTO "performance" VALUES (75,'2020-07-12',3);
INSERT INTO "performance" VALUES (76,'2020-04-23',3);
INSERT INTO "performance" VALUES (77,'2022-04-10',2);
INSERT INTO "performance" VALUES (77,'2020-09-20',4);
INSERT INTO "performance" VALUES (77,'2022-05-20',4);
INSERT INTO "performance" VALUES (78,'2021-04-02',4);
INSERT INTO "performance" VALUES (78,'2020-06-10',3);
INSERT INTO "performance" VALUES (79,'2020-02-24',2);
INSERT INTO "performance" VALUES (79,'2020-06-26',4);
INSERT INTO "performance" VALUES (79,'2020-01-08',1);
INSERT INTO "performance" VALUES (80,'2022-04-14',3);
INSERT INTO "performance" VALUES (80,'2021-03-18',3);
INSERT INTO "performance" VALUES (80,'2020-11-23',2);
INSERT INTO "performance" VALUES (81,'2020-08-16',2);
INSERT INTO "performance" VALUES (81,'2021-08-31',3);
INSERT INTO "performance" VALUES (81,'2020-09-20',2);
INSERT INTO "performance" VALUES (82,'2020-10-14',4);
INSERT INTO "performance" VALUES (82,'2021-05-05',5);
INSERT INTO "performance" VALUES (83,'2020-06-30',3);
INSERT INTO "performance" VALUES (84,'2022-04-02',4);
INSERT INTO "performance" VALUES (84,'2020-01-07',4);
INSERT INTO "performance" VALUES (84,'2021-11-03',3);
INSERT INTO "performance" VALUES (85,'2021-09-15',2);
INSERT INTO "performance" VALUES (85,'2021-07-01',4);
INSERT INTO "performance" VALUES (85,'2020-03-22',4);
INSERT INTO "performance" VALUES (86,'2021-12-09',3);
INSERT INTO "performance" VALUES (86,'2022-01-15',4);
INSERT INTO "performance" VALUES (86,'2021-12-07',3);
INSERT INTO "performance" VALUES (87,'2022-03-15',3);
INSERT INTO "performance" VALUES (88,'2022-06-23',3);
INSERT INTO "performance" VALUES (88,'2022-07-28',3);
INSERT INTO "performance" VALUES (89,'2022-05-03',4);
INSERT INTO "performance" VALUES (89,'2021-08-15',4);
INSERT INTO "performance" VALUES (90,'2021-12-27',4);
INSERT INTO "performance" VALUES (90,'2021-12-21',3);
INSERT INTO "performance" VALUES (90,'2020-07-27',3);
INSERT INTO "performance" VALUES (91,'2020-08-24',3);
INSERT INTO "performance" VALUES (91,'2020-07-19',2);
INSERT INTO "performance" VALUES (92,'2021-05-08',5);
INSERT INTO "performance" VALUES (92,'2021-03-17',5);
INSERT INTO "performance" VALUES (92,'2021-09-01',3);
INSERT INTO "performance" VALUES (93,'2022-04-17',5);
INSERT INTO "performance" VALUES (93,'2022-05-02',4);
INSERT INTO "performance" VALUES (93,'2020-02-10',3);
INSERT INTO "performance" VALUES (94,'2021-11-07',4);
INSERT INTO "performance" VALUES (95,'2021-08-10',3);
INSERT INTO "performance" VALUES (95,'2022-05-23',2);
INSERT INTO "performance" VALUES (96,'2022-04-04',3);
INSERT INTO "performance" VALUES (96,'2021-12-31',3);
INSERT INTO "performance" VALUES (96,'2020-09-24',4);
INSERT INTO "performance" VALUES (97,'2021-03-30',3);
INSERT INTO "performance" VALUES (98,'2022-07-10',3);
INSERT INTO "performance" VALUES (99,'2021-09-25',3);
INSERT INTO "performance" VALUES (99,'2020-05-09',2);
INSERT INTO "performance" VALUES (100,'2021-12-05',2);
INSERT INTO "performance" VALUES (100,'2020-10-18',4);
INSERT INTO "performance" VALUES (100,'2020-01-29',3);
COMMIT;
